epoch,train/box_loss,train/cls_loss,metrics/mAP50(B),metrics/mAP50-95(B),val/box_loss,val/cls_loss,lr
1,0.25108940988013356,5.871229911542708,0.030999009497463703,0.005942883051608306,0.24268459101702386,6.3481798236995175,0.0009999238475781956
2,0.21592104935994552,4.954932661179574,0.03050754778087139,0.005873921616016986,0.22234744264197528,4.873499140731143,0.0009996954135095479
3,0.20333384264559454,4.695071795271289,0.07824938744306564,0.016738533243165675,0.20091011548056126,4.664516683244373,0.0009993147673772868
4,0.19109015434098264,4.405374853649447,0.08971819467842579,0.01994995100724246,0.19249111767037147,4.281910011428138,0.000998782025129912
5,0.18370511789833224,4.198467822651709,0.09438049420714378,0.021469617241368154,0.1974492183931846,4.252615900230518,0.0009980973490458726
6,0.1796093322432848,4.059341821482104,0.14391426742076874,0.03410980831158668,0.1922964166651054,4.174843351173013,0.0009972609476841365
7,0.17472773292578472,3.938669580409604,0.10622336715459824,0.024559965732126442,0.18790764190157197,4.281382984496878,0.000996273075820661
8,0.17164882441685955,3.8314236899460514,0.10446389392018318,0.023368186889806,0.1862592394404295,4.150142351446323,0.000995134034370785
9,0.16915894957451572,3.7613383082420597,0.1409081220626831,0.03320526773539427,0.18462962185123422,4.134395440880494,0.0009938441702975688
10,0.16541793095045948,3.6666715710470754,0.14827820658683777,0.035038972910069785,0.18159796482734294,4.073818557085405,0.000992403876506104
11,0.16340238248255298,3.5971052517794795,0.10357136651873589,0.025062375680874282,0.19331883282774492,4.490232853594899,0.000990813591723832
12,0.16039947098691296,3.52355477196555,0.14624231308698654,0.034276278150287,0.18473987473745393,4.154948105184219,0.0009890738003669028
13,0.15855184453817256,3.437459769779636,0.15916695445775986,0.03805451718835116,0.19002090434796606,4.585216268343881,0.0009871850323926177
14,0.15677659531878382,3.387454840927355,0.14476793259382248,0.03343608896992691,0.1822663250113481,4.3685638837153284,0.0009851478631379982
15,0.15611942973597756,3.3237819977114276,0.14308107271790504,0.03314137442612264,0.18302293749214982,4.34327171806877,0.0009829629131445341
16,0.15394739631729598,3.248509199079006,0.15097537636756897,0.03534794573466797,0.18524344558903208,4.428226832896817,0.0009806308479691594
17,0.15396889861825394,3.2220691734225517,0.15916543453931808,0.038518636636854356,0.1831194255511836,4.3885395895093335,0.0009781523779815178
18,0.15239837983758714,3.1613080641223537,0.14010056480765343,0.031974371423518735,0.18656989086090897,4.185419678376888,0.0009755282581475768
19,0.15100456224078868,3.105935576300467,0.13332955539226532,0.030262852532928264,0.19083647301805198,4.680007289844434,0.0009727592877996585
20,0.1496403971527583,3.03564324549898,0.14594841748476028,0.03242995586449524,0.1886763823817737,4.514038888525797,0.0009698463103929542
21,0.147880661370259,3.002961665695713,0.17089075967669487,0.04130757176935731,0.1837824431989178,4.504396470682804,0.0009667902132486009
22,0.14715091789440599,2.9246745444516984,0.16218823194503784,0.03732699595630038,0.18650225020422148,4.3738310266882525,0.0009635919272833937
23,0.14542277526896777,2.876564659407062,0.17309554666280746,0.0428413518552361,0.19171972093744993,4.566931941220212,0.0009602524267262203
24,0.14521299226957585,2.8343498671227887,0.14249281957745552,0.032575244128315715,0.19023591498876738,4.778386134628353,0.0009567727288213005
25,0.14477371559215374,2.7807877592059875,0.1700342521071434,0.042209379957421335,0.18029341776044974,4.351070190025731,0.0009531538935183252
26,0.1439056197226408,2.7314555922054473,0.1539178229868412,0.037365978529125245,0.18236688912625743,4.350404341266493,0.0009493970231495836
27,0.1427359982468751,2.6858443198088677,0.18468545749783516,0.043060291034635156,0.18510222828000558,4.488518588867238,0.000945503262094184
28,0.14280229489231716,2.6498122204869023,0.13284668698906898,0.030864920558639142,0.18677321749171047,4.769784251457024,0.0009414737964294637
29,0.1408309156368449,2.5932794908035186,0.14795634895563126,0.03283929766689653,0.19226600556351298,4.921776387192257,0.0009373098535696981
30,0.14007039125935145,2.5326201559853168,0.13130950182676315,0.029389458879109043,0.197408618348199,4.492177017292401,0.0009330127018922197
31,0.14000594861770985,2.5110407155829093,0.1745801493525505,0.04235839161228796,0.19358697397906652,4.809653169248607,0.0009285836503510564
32,0.13961903836107023,2.4524281317216734,0.11057354509830475,0.02533251547350801,0.19706337259158063,4.579601548421964,0.0009240240480782131
33,0.13869740944276487,2.4195734457758165,0.1468237116932869,0.036944379363444566,0.1874796784317592,4.678867750371139,0.0009193352839727123
34,0.1376361136043016,2.368341508182787,0.16039729863405228,0.03867865986310335,0.19227881447883138,4.690364623775062,0.0009145187862775211
35,0.1370803784615916,2.3527940809231613,0.14691655710339546,0.03430714360711136,0.19581159388996539,4.835844035318722,0.0009095760221444961
36,0.13601602368512672,2.306888831514024,0.15725237131118774,0.03771710335713578,0.1933064821155703,4.972533057519427,0.000904508497187474
37,0.13592412517056424,2.252730178385973,0.16314410045742989,0.03833016272226501,0.196175859975272,5.180928240640395,0.0008993177550236466
38,0.13596228704564348,2.201166641076726,0.1880623772740364,0.04644202600250082,0.1872111415158819,5.567732450407508,0.0008940053768033612
39,0.13448140287187868,2.1830567747594847,0.1879042088985443,0.04446064498981741,0.19552583021345157,5.008950022803382,0.0008885729807284856
40,0.13436069463509615,2.134456064971224,0.1650189720094204,0.03966059794693137,0.19091968499086234,5.023615145852698,0.0008830222215594892
41,0.13330268085903052,2.1035688677093676,0.17954890429973602,0.04240330151353646,0.19695145194256666,5.760458370683641,0.0008773547901113863
42,0.1325709397516311,2.076936878121668,0.14223244786262512,0.03353389998392231,0.18965409195192132,4.96469921043052,0.0008715724127386973
43,0.13065694619601428,2.0236306407307425,0.15920952707529068,0.038040222288083216,0.19185531142561021,4.879341831668485,0.0008656768508095856
44,0.13036344714582176,1.990647848604187,0.1314939670264721,0.03033194206599319,0.1988912655822306,4.956698653221199,0.0008596699001693258
45,0.1293350302148122,1.9699605679617773,0.170066948980093,0.04099715236097765,0.18979431279090053,5.234660695131929,0.0008535533905932739
46,0.12987602953791558,1.9239894684370487,0.18095612153410912,0.04170541535645498,0.18860945952386354,5.274923403274156,0.0008473291852294988
47,0.12939447550138744,1.9115155933794956,0.1680012345314026,0.03973801325514614,0.19658287679625291,5.083062911929083,0.0008409991800312495
48,0.12837983565308123,1.896866834158859,0.17278262600302696,0.040707975257203086,0.1961493878606426,5.166755080499671,0.0008345653031794294
49,0.12712247574657967,1.8433409568725094,0.1755256950855255,0.04217008510850064,0.1918496352068328,5.193575783803402,0.0008280295144952539
50,0.1275344065507168,1.8008561519682407,0.14923721179366112,0.03509875993127025,0.19616767426081902,5.245532474616702,0.0008213938048432698
51,0.12558736818999658,1.7856710811651522,0.16406011581420898,0.03747699403932074,0.19686285153100497,5.2859043490375,0.000814660195524919
52,0.12492675512320843,1.7671125133907604,0.17089064419269562,0.041861177895177445,0.19762742548441978,5.477019931420926,0.0008078307376628293
53,0.12496843792777508,1.725390533298254,0.170865748077631,0.04313040571109923,0.19510320121132857,5.497064747279316,0.0008009075115760244
54,0.12381261058978271,1.702642225092457,0.1812053695321083,0.04450309976964491,0.1987260014592322,5.575581162874079,0.0007938926261462367
55,0.12265586055128369,1.6820576197192554,0.16733410209417343,0.040054791607167316,0.19733786584999577,5.758353784749514,0.0007867882181755232
56,0.12250261848480741,1.6541305083892037,0.14911185577511787,0.035024513916141586,0.20729308622173984,5.756454591684718,0.0007795964517353736
57,0.12190835005823793,1.6198029339813418,0.1794474683701992,0.04275238659911338,0.20143487989975964,5.452242184802025,0.0007723195175075138
58,0.11975391249668844,1.5988618995681885,0.14168455079197884,0.03307900335389036,0.20053380623507355,5.566107187463347,0.0007649596321166026
59,0.11897893714528313,1.5619829079753929,0.18485812097787857,0.04384012031314342,0.19786310475009003,5.327657970917474,0.0007575190374550273
60,0.11875506243844246,1.5443848661828425,0.15108375623822212,0.03513350129900914,0.20550707320244055,5.815079184849758,0.0007500000000000001
61,0.11722413432682421,1.5020325352785087,0.14954086393117905,0.03528017965993513,0.20061402906730702,5.732673457406651,0.0007424048101231687
62,0.11695285093236804,1.4920014553956928,0.15808936581015587,0.03593191501595357,0.20354323618312792,5.772328326863231,0.0007347357813929455
63,0.11677099748295282,1.4770940884178685,0.17964284867048264,0.042857409867121984,0.196298672122937,5.763473889978469,0.0007269952498697734
64,0.1150593338116981,1.4394501766177916,0.18249372392892838,0.044568402981553845,0.19984240513921578,5.912425887721252,0.0007191855733945388
65,0.11598168141433159,1.4345288023559317,0.17731040716171265,0.041943654072974824,0.20481065082001304,6.152449580708955,0.0007113091308703499
66,0.11438184739395811,1.3801277497473263,0.1677003614604473,0.042575539259269136,0.2058041339930311,5.866581933836511,0.0007033683215379002
67,0.11357761699502777,1.3683976361751555,0.157122191041708,0.03939837345546948,0.20276072925591967,5.86197553410815,0.0006953655642446371
68,0.11286732270178805,1.353081793797593,0.1670176051557064,0.04049646203667408,0.20303082075445392,5.742128597403901,0.0006873032967079561
69,0.11274309496392942,1.3194063103360034,0.1480623409152031,0.03552048118112907,0.2053449775660605,5.953659801957848,0.0006791839747726503
70,0.11204534559400617,1.298943959277724,0.17006296664476395,0.040980684638816454,0.20737829203706606,6.225531748580269,0.0006710100716628345
71,0.11181116026941867,1.2687046715182162,0.1787976212799549,0.04311434635206979,0.20902334800824143,6.202691535307678,0.0006627840772285784
72,0.10967260051149905,1.274440174169598,0.177627582103014,0.043608881402224145,0.20801746009215885,6.46290609623433,0.0006545084971874737
73,0.10875128802682288,1.2268977266091012,0.17120305448770523,0.04089768723147245,0.20812464354391233,6.272494661783813,0.0006461858523613684
74,0.10872056896285522,1.2345424947724226,0.17303700000047684,0.04137029497561571,0.20588730483733467,6.136317331819274,0.0006378186779084996
75,0.10798162599982349,1.2075165448498821,0.1611231565475464,0.03867480282157772,0.20619567486040485,6.225787177945546,0.0006294095225512604
76,0.10731079958829909,1.1801132733812256,0.1793481968343258,0.0433328485644779,0.21071137867332057,6.503919317289807,0.000620960947799834
77,0.10578439607196713,1.1519658530847199,0.1672089323401451,0.04253948743511273,0.21307005954737798,6.439933011805306,0.0006124755271719325
78,0.10471196036308163,1.149258157296046,0.17346379905939102,0.04119272229735316,0.20731000976503033,6.304389873376924,0.0006039558454088798
79,0.10413784333813425,1.1000399943748789,0.16604651510715485,0.039125705075495884,0.21071597965641634,6.405468541506479,0.0005954044976882725
80,0.10318129863627931,1.1074745506317385,0.18431101739406586,0.04409797926793999,0.2106175350409926,6.6834149665076055,0.0005868240888334653
81,0.1022256178901129,1.0649781964704874,0.17529987171292305,0.04381878899832827,0.20756167727425315,6.739357862997532,0.0005782172325201156
82,0.10207504043175328,1.0510638365933012,0.16348360106348991,0.03839453998604654,0.2100292404566885,6.445816300515509,0.0005695865504800329
83,0.10156196033264765,1.0294344348645499,0.14253046363592148,0.03164633523556404,0.21021409923742307,6.71317817286746,0.0005609346717025738
84,0.10050355478503643,1.0191977574493616,0.15070178359746933,0.03702902847736596,0.20958847943650183,6.625526869224423,0.0005522642316338268
85,0.09901449885869008,0.9778799331822703,0.18431425839662552,0.04581528004671327,0.21109167262025852,6.780304104379289,0.0005435778713738292
86,0.09883168338861076,0.9688995850795219,0.1772090494632721,0.042407890132597006,0.21274038100412024,6.921699939654349,0.0005348782368720628
87,0.09635054648587116,0.9457410820986956,0.1603855863213539,0.037845056477942764,0.2150709467417109,7.288438091162601,0.0005261679781214721
88,0.09637199548042319,0.9246739508971091,0.15349257364869118,0.03841967774260411,0.21440771872419734,7.021572429619798,0.0005174497483512507
89,0.09654766282038538,0.92389929036724,0.17445075511932373,0.04233216179932242,0.21616443258703724,7.192666648137286,0.0005087262032186418
90,0.09418604162484107,0.9035975955873727,0.16255897283554077,0.03974986966663892,0.22113340537727155,7.416889680264271,0.0005000000000000001
91,0.0947179621426828,0.883558248625167,0.16034743562340736,0.03884111430454311,0.21763088738031494,7.302813945832963,0.0004912737967813583
92,0.09298784645226964,0.847459458126296,0.16628311574459076,0.04152694600475115,0.2127740684931281,7.246175494364824,0.00048255025164874974
93,0.09217816702749829,0.8478323240439979,0.18530457466840744,0.04545468922487998,0.21608128524201722,7.209634348724184,0.00047383202187852827
94,0.09114768755772422,0.8199829854067535,0.1883137747645378,0.04415474318057022,0.21413119348617413,7.297447713558711,0.00046512176312793745
95,0.08984548077766123,0.8074204718196585,0.18050671741366386,0.045224629175481826,0.22308159598501576,7.92406601310122,0.00045642212862617097
96,0.08947980510377355,0.7923231738421225,0.1917397379875183,0.0483910865245889,0.21755428800657564,7.912338328485111,0.00044773576836617347
97,0.088025852786593,0.7610194835159326,0.167274322360754,0.043039304078502025,0.21805828499765484,7.40129145085293,0.00043906532829742645
98,0.08747402241271113,0.7534450709033277,0.17164535075426102,0.04183698529731146,0.21984101214560653,7.9111162893940845,0.0004304134495199674
99,0.08698121447823641,0.7310359868324332,0.15452494472265244,0.03709668574811076,0.21672677511150523,7.577479994607325,0.00042178276747988454
100,0.08593468705129306,0.7219314487310307,0.1750236228108406,0.042733489326730024,0.22476477335421088,8.299412966863601,0.0004131759111665349
101,0.08448137766746955,0.7099281781009369,0.15092476457357407,0.03665107900876592,0.2232431014256958,7.674906707429295,0.00040459550231172764
102,0.08347020268095882,0.6854305469924884,0.17087507992982864,0.041261280564140176,0.22105238781572079,8.285588465976742,0.00039604415459112047
103,0.08223182713323002,0.6713697183310625,0.17272255569696426,0.040844953331054513,0.2232050921729055,8.149014395006917,0.0003875244728280676
104,0.08203585214915145,0.6679828569985206,0.17164669558405876,0.041831723086284,0.2278054346721576,7.7221817144143055,0.00037903905220016613
105,0.08133635498141689,0.626601186016214,0.1767183504998684,0.04115043660012816,0.2228362871249684,8.459043937776315,0.00037059047744873963
106,0.0803178046497858,0.6223672113652311,0.16978182271122932,0.041863486576210106,0.21603859753376023,8.064853568390669,0.0003621813220915005
107,0.0792255175532698,0.6101501850191083,0.16011104732751846,0.03807644947059998,0.22512455501219825,8.21002280348458,0.0003538141476386317
108,0.07781736298173576,0.5817392718411021,0.17179571464657784,0.04181132819810074,0.22094634729880502,8.191381912289529,0.0003454915028125264
109,0.0772746118337175,0.5626923590117404,0.18108784407377243,0.045641081322537504,0.2168603312908056,8.493517965458661,0.0003372159227714218
110,0.07560983586441462,0.5589199113141625,0.17039690911769867,0.04050845637431166,0.22478037148178176,8.470440532718277,0.00032898992833716573
111,0.0747482451541845,0.5356414860686467,0.1468973159790039,0.03623892867961729,0.22173096242808066,8.472331796411918,0.0003208160252273499
112,0.07407648405653328,0.52142807939913,0.19273488596081734,0.046877917667416114,0.22422933520904792,8.663209244669382,0.000312696703292044
113,0.07348134874903518,0.5171832749781109,0.1896277442574501,0.04792773268071073,0.2195438884885813,8.507533617162096,0.00030463443575536324
114,0.07151114225292939,0.4769522991402135,0.17497830465435982,0.042472404731961434,0.22995646954611323,9.339349228638092,0.00029663167846210003
115,0.07106559213178586,0.47873085242774216,0.16689863801002502,0.04152690823393641,0.22779951824940603,9.161479353950101,0.00028869086912965044
116,0.06934997285974227,0.46579553753654324,0.172945998609066,0.04186559744239275,0.2294726286001348,9.366278393388555,0.00028081442660546135
117,0.0697599226038888,0.46441926097046704,0.16400448977947235,0.03996488171515011,0.22652686764151203,9.058094871388166,0.00027300475013022674
118,0.06781462776287826,0.44124159900859117,0.172570139169693,0.04231691052755195,0.22737539274587779,9.646307678678205,0.00026526421860705485
119,0.06725927672069519,0.40943041077181097,0.19369305297732353,0.04730672191822123,0.22950959190069384,9.529125439005812,0.0002575951898768316
120,0.06730676303071818,0.4237955459643816,0.15595867857336998,0.03702434130500478,0.22517096889993984,9.116348161069318,0.0002500000000000002
121,0.06643181986318508,0.4070275474283544,0.18634697049856186,0.043393247329231596,0.2263450478851847,9.425091243547813,0.00024248096254497298
122,0.06487898176916004,0.3844069015525522,0.16601023823022842,0.038938066563173376,0.22860582034576796,9.541477731798544,0.0002350403678833977
123,0.06399525175148606,0.3735578601442037,0.1617129221558571,0.03778740472462232,0.23367155325359162,9.716275385137985,0.00022768048249248657
124,0.06237993566078254,0.34984331221208576,0.16417933255434036,0.03790128797963917,0.22462320343749015,9.684217234351726,0.00022040354826462677
125,0.06171438861528652,0.3473705953236729,0.17201681435108185,0.03972844680396861,0.23017454984448762,10.006983160423742,0.0002132117818244772
126,0.0606640164382613,0.3438638331642855,0.1692141853272915,0.04112924865281968,0.23424583302676816,10.250710638175155,0.0002061073738537636
127,0.05928212279423268,0.32993695968722986,0.18403559178113937,0.04600602477673874,0.22805744811045459,9.951732444186888,0.0001990924884239759
128,0.058270420284431065,0.30442894053480196,0.16475678235292435,0.04127144581741504,0.2314683421344222,9.980023184896549,0.00019216926233717096
129,0.0586218977080444,0.2944945882062067,0.19444012641906738,0.04775854568858904,0.23374039123565166,10.31464200579559,0.00018533980447508146
130,0.057531657157432955,0.2964061672868387,0.17380347102880478,0.04162794060527517,0.2291420325539626,10.311807324372992,0.00017860619515673042
131,0.05610529010354508,0.2718019944183198,0.16529972851276398,0.03998134187795586,0.235768243787149,10.43878025471194,0.00017197048550474635
132,0.055242494285579834,0.2622773384290537,0.17392002791166306,0.042358691084768904,0.23589580418896405,10.514916756741375,0.00016543469682057097
133,0.05400229502555486,0.2553239641517791,0.17617303878068924,0.04273719232987787,0.22973304410009124,11.117494931526638,0.0001590008199687509
134,0.053519154010633486,0.25957990976100065,0.16996879503130913,0.04264477388869636,0.23382425559533376,10.757827267744373,0.00015267081477050157
135,0.05258047908852102,0.231220540193225,0.1878841519355774,0.04727409113908152,0.23358293439276742,10.780918995210179,0.00014644660940672636
136,0.051769003950581406,0.22874402208672837,0.18064654991030693,0.04282157537281819,0.2375348677508654,10.679784906653174,0.0001403300998306745
137,0.050201243500690905,0.22124432498426927,0.17796732485294342,0.0433339591540971,0.24058938112321662,11.304544505732363,0.00013432314919041485
138,0.04998758287552083,0.2211533058563758,0.18971915915608406,0.04761702859620982,0.23305531578860192,10.8408275939683,0.00012842758726130306
139,0.04886902791071653,0.19796406118878193,0.18164125084877014,0.04408172907472476,0.2386885299336537,11.35583203135754,0.00012264520988861406
140,0.047910959036158954,0.19507377312287327,0.17935540527105331,0.04532599013900836,0.23987635535354404,11.097338912446752,0.00011697777844051111
141,0.046807198729867404,0.18379520022226198,0.18207791075110435,0.045231868628172835,0.24003012083187752,11.327862111039773,0.00011142701927151471
142,0.046045438425023025,0.18021326320655193,0.1767280139029026,0.044134338420371934,0.23776581084243348,11.412946645161806,0.0001059946231966391
143,0.04566109357254895,0.17444043810757237,0.1880188286304474,0.04798420243790815,0.23619602450759533,11.689588362152532,0.00010068224497635357
144,0.0448743411693431,0.1682836824024787,0.17614848911762238,0.046970442763540635,0.23760402061287184,11.529927319301164,9.549150281252637e-05
145,0.04368226261244291,0.1583897447601757,0.17289788648486137,0.043848215350226386,0.23866459873576246,11.551632203242209,9.042397785550425e-05
146,0.043115459671217736,0.14861413169235382,0.17906443774700165,0.045190990746323226,0.2397866684364332,11.59024239912534,8.548121372247923e-05
147,0.042452271937050916,0.14137410694839914,0.16937362402677536,0.04187824243448972,0.2418241229171923,12.077447178275913,8.066471602728796e-05
148,0.04122074140050315,0.13654454243814032,0.17127958312630653,0.04365608727944163,0.2413635275601096,12.258110821584733,7.597595192178706e-05
149,0.04062904708850528,0.127923573140453,0.1734996996819973,0.045361305157734934,0.24113611744613042,12.401798285384286,7.141634964894392e-05
150,0.03986675149525681,0.11869414222540124,0.1695963554084301,0.042672843620505316,0.23992470374196906,12.52587406192836,6.698729810778068e-05
151,0.039067647186397096,0.11835801389334243,0.18744657933712006,0.046552353199240316,0.2379052092660469,12.27346214620243,6.269014643030215e-05
152,0.03832856206161265,0.12072455604316576,0.18630541115999222,0.044108034222063,0.2420508523267454,12.430174102146436,5.8526203570536637e-05
153,0.037866721858646,0.11015322339059334,0.1865803822875023,0.04645091863258131,0.23837995234652143,12.37397177607197,5.449673790581612e-05
154,0.03673320343654421,0.10322126805952059,0.16571615263819695,0.04314920486724816,0.24299683814042888,12.594647134940265,5.0602976850416496e-05
155,0.03665481048298346,0.11035296127721743,0.17726300656795502,0.04391618714316792,0.23757990843156168,12.192366649624416,4.6846106481675045e-05
156,0.035965963669838535,0.09680047742195518,0.16566021367907524,0.040834967899900224,0.23913913145077928,12.461284972795365,4.322727117869963e-05
157,0.035409356165254834,0.09557383906313278,0.17346156388521194,0.043026100397781875,0.24198337578324908,12.864040386374162,3.974757327377993e-05
158,0.03505673591854922,0.0977340676792364,0.16743682324886322,0.04293585324212472,0.23872712641963065,12.991971599372302,3.640807271660635e-05
159,0.034280753360852796,0.08923058872693218,0.1842486374080181,0.047215318946382465,0.240352442587473,12.72392248143099,3.3209786751399136e-05
160,0.03393731483946284,0.08207223359302378,0.17104244977235794,0.04367270526297773,0.2384495404819048,12.689000657310489,3.015368960704585e-05
161,0.03340350345513904,0.07750117972295266,0.1648448035120964,0.04041102192886683,0.24493129024381496,13.25092939736474,2.724071220034164e-05
162,0.033154661531582655,0.08236346984868344,0.1687145084142685,0.04229754068223883,0.241995030269675,13.010974070782911,2.447174185242324e-05
163,0.032269872177833496,0.08144037253811069,0.16702112555503845,0.04152665543575722,0.24215561857343307,12.938081653968846,2.1847622018482287e-05
164,0.032544635158693234,0.07271687437327308,0.16738851740956306,0.0429429274182894,0.23965321898702402,12.628070203426565,1.936915203084067e-05
165,0.031872363786395234,0.07346312269707016,0.15282461792230606,0.039156889310788756,0.24479084558733102,13.335377494631423,1.7037086855465904e-05
166,0.03164435690540197,0.07042009369716529,0.17267635464668274,0.04498564025967653,0.2401315537421789,12.85618590517942,1.4852136862001767e-05
167,0.030919941624518082,0.062181676414104235,0.17232348397374153,0.043674068332165916,0.24193381690128496,13.362934550245859,1.2814967607382381e-05
168,0.031356986564285524,0.06652576888751073,0.16424672305583954,0.0419187446250362,0.2397421283783551,13.190967024198091,1.092619963309716e-05
169,0.0303600089014996,0.06490017605719209,0.17251932993531227,0.04360302519949073,0.24189140840288761,13.192068350704073,9.186408276168016e-06
170,0.030297550520084184,0.06132551767423584,0.17442362383008003,0.04248976592461986,0.24197148747759462,13.308963023105463,7.596123493895993e-06
171,0.030610729150529464,0.06384497187699138,0.17572706565260887,0.044873235844124795,0.24094150742308482,13.128044159280725,6.155829702431173e-06
172,0.03008834289339739,0.06298866458639743,0.17817794904112816,0.04549394446980841,0.2409335455193839,13.385003338819583,4.865965629214876e-06
173,0.02980590132450039,0.06130054992218802,0.1608830764889717,0.04239312872490473,0.24046462410120964,13.192446955575637,3.72692417933901e-06
174,0.030041424154811876,0.06466417650887818,0.1704089231789112,0.043484768223288485,0.24316392599101547,13.278794495188516,2.739052315863356e-06
175,0.029665450359152953,0.05679414824756133,0.17243338376283646,0.044095841600642414,0.24496599979965522,13.269381195695594,1.9026509541272281e-06
176,0.029678082611441853,0.061107593393392654,0.172383401542902,0.04410760148944064,0.24357539935149858,13.217233268314219,1.2179748700879016e-06
177,0.029849475970180075,0.06558020933388146,0.1745048724114895,0.04616270837177581,0.23878697882322142,13.201308849771138,6.852326227130837e-07
178,0.0297536406823126,0.057163447244164174,0.17089785635471344,0.04165513615259897,0.24228419324711586,13.353214825415069,3.045864904521191e-07
179,0.029495382437891807,0.06351943485663768,0.17927180230617523,0.04587648723472739,0.23745740863998052,13.008766386965602,7.615242180436525e-08
180,0.029551761355883846,0.06305666913238218,0.16371699422597885,0.04025343531211547,0.23890005276493054,13.19347087980923,0.0
1,0.24755137803575264,5.731353143953508,0.012382749933749437,0.0022813765901197767,0.22207646724052746,5.18719416269017,0.0009999238475781956
2,0.2145489740462583,4.980267883000836,0.05180424824357033,0.01027349088377676,0.21336321631692817,4.719715676285551,0.0009996954135095479
3,0.20012634909556684,4.610495807778451,0.05138544738292694,0.010735791169246589,0.20181153711415567,4.674763285124938,0.0009993147673772868
4,0.19016461311115868,4.362648992123142,0.08459832519292831,0.018735411437941708,0.19171136074857204,4.248804801439741,0.000998782025129912
5,0.18321274347206382,4.167753202499882,0.09560154005885124,0.0221020715501254,0.1980484386521398,4.284833068706597,0.0009980973490458726
6,0.17849098645370723,4.023920525231669,0.09457854554057121,0.020876949354757812,0.18958290212875742,4.080728488462154,0.0009972609476841365
7,0.17371281385922058,3.9117745245310567,0.1358860395848751,0.029754513369880442,0.1918287025786193,4.2173297681484865,0.000996273075820661
8,0.1705126223259628,3.807114418837332,0.1377357617020607,0.032706280893273744,0.18740053002327128,4.094450022428882,0.000995134034370785
9,0.1680599922603597,3.7377386412332134,0.12605711072683334,0.029499900083713726,0.18822430600919987,4.110247399977769,0.0009938441702975688
10,0.1654684000173959,3.647777613864791,0.13267802074551582,0.031350406314641074,0.18665690926225584,4.163981278472323,0.000992403876506104
11,0.16267658254533685,3.5602576126590852,0.15133831650018692,0.035882645091885476,0.19367734245143467,4.403208692880075,0.000990813591723832
12,0.16087877672348894,3.5069209835894646,0.1480453759431839,0.0371110706297955,0.1865807209928842,4.331068530609602,0.0009890738003669028
13,0.1596483620304066,3.4412581158184237,0.13597743958234787,0.032634242639051084,0.18410866149850277,4.205434763237938,0.0009871850323926177
14,0.15832553906005153,3.393032676477586,0.13442767783999443,0.03307528323020037,0.18510794873822592,4.5891977895371046,0.0009851478631379982
15,0.15609598019212154,3.324893593315155,0.15163882076740265,0.037848572490156586,0.1812511436617447,4.184434800856074,0.0009829629131445341
16,0.1549489616188953,3.260842852152163,0.1504402682185173,0.03652994953661874,0.18584855063224165,4.192998395441856,0.0009806308479691594
17,0.1541522398812268,3.2092654816219883,0.1693943366408348,0.04183619774767067,0.18586169408846068,4.872389358738459,0.0009781523779815178
18,0.1522626892292061,3.162629623084299,0.16970714181661606,0.04090514727753316,0.18879790293169477,5.0062650633314645,0.0009755282581475768
19,0.15072126593510995,3.1215046170334664,0.15544263646006584,0.036921868084778,0.18379845124077301,4.105648233380229,0.0009727592877996585
20,0.15071032069773121,3.062020784499184,0.1719224713742733,0.0386047790303337,0.18624052058542342,4.732466501557633,0.0009698463103929542
21,0.14940972623702575,3.0156281482212006,0.13487114757299423,0.030608980720239744,0.1843135278302476,5.464533888616031,0.0009667902132486009
22,0.1495911841772219,2.9718009891000485,0.17847753316164017,0.04229914031820954,0.18894857064693335,4.399059317228136,0.0009635919272833937
23,0.14714379010656323,2.9220585650417115,0.17622479423880577,0.04301076780525363,0.18450315756963137,4.67219741881032,0.0009602524267262203
24,0.14701577012429404,2.8844916810527925,0.17098289728164673,0.04175595740362041,0.18461930349667982,4.237363940169668,0.0009567727288213005
25,0.14512279083241422,2.805379730602426,0.1662060096859932,0.04427558588618012,0.1850585163810794,4.521200405489956,0.0009531538935183252
26,0.14514184391384405,2.7818327078684684,0.18829883635044098,0.04669541905884671,0.18652113758107505,4.510869733107615,0.0009493970231495836
27,0.144764618302549,2.7451305165329285,0.17256976664066315,0.042028696743091135,0.19391504089345857,4.480151817306289,0.000945503262094184
28,0.14269609450088108,2.68080069537605,0.15415335446596146,0.03526061755328556,0.19056866445585116,4.812671768520105,0.0009414737964294637
29,0.14304476007982156,2.6281678580795567,0.16266325861215591,0.039173676570883484,0.19216718869564706,4.686960706482976,0.0009373098535696981
30,0.14105126703275186,2.5858204632074604,0.12144747376441956,0.03028520368661134,0.19225858571331975,4.72071994808254,0.0009330127018922197
31,0.14031719694931752,2.5501949261715335,0.16598043590784073,0.040366640356387505,0.1891289883381806,4.656822981749361,0.0009285836503510564
32,0.1402781351451394,2.50854741560836,0.13929413631558418,0.03233573732150603,0.19593612923613143,4.97602062051783,0.0009240240480782131
33,0.1392873389528606,2.45346725199684,0.1700495406985283,0.039364491553237714,0.19177804070064614,4.725606556039676,0.0009193352839727123
34,0.13838054056620344,2.438635797243445,0.208410806953907,0.050666201622909315,0.19150329283989637,4.829376469286301,0.0009145187862775211
35,0.13760773428149134,2.3649298945367336,0.15631897747516632,0.0375341361656524,0.18771660943156898,5.13345194867274,0.0009095760221444961
36,0.13811123240949782,2.3436980924241007,0.13863518461585045,0.03203134732084436,0.1913565561875459,5.262195085419511,0.000904508497187474
37,0.13733648589788935,2.295960703153764,0.16794539242982864,0.03901356719659645,0.19229016846408872,5.015583226375126,0.0008993177550236466
38,0.13515022927132106,2.246744576205169,0.16568391397595406,0.03957430626890215,0.19348696914983357,5.542645381318444,0.0008940053768033612
39,0.13529547990980978,2.2234684677748913,0.14986712858080864,0.03367940267462473,0.1979722669931548,5.092045756648975,0.0008885729807284856
40,0.133759839015427,2.18318234956601,0.18349748104810715,0.042459621608651334,0.1891949324913997,4.90780556343686,0.0008830222215594892
41,0.13315108773606874,2.154941090436232,0.15333858504891396,0.03551088999935388,0.187934951313821,4.975886964327775,0.0008773547901113863
42,0.1320061410189561,2.10811942246364,0.14717862382531166,0.0355989246378158,0.18762114078558445,4.877241092757808,0.0008715724127386973
43,0.1315614844657473,2.0986140288499096,0.16960284858942032,0.03897907719778857,0.19276597196443693,4.998814622428605,0.0008656768508095856
44,0.13296266962707817,2.0365662223744776,0.16121677681803703,0.04003279331382146,0.19693887140385788,5.104935825960127,0.0008596699001693258
45,0.1308991613554263,2.0064079039808242,0.18653471022844315,0.04461178734595421,0.19184529977113768,5.299159861098448,0.0008535533905932739
46,0.12948755525133662,1.9700956140030776,0.18005657941102982,0.04510456541653376,0.1919229611432452,5.108234331132779,0.0008473291852294988
47,0.12918437359635643,1.945894907100066,0.15494399145245552,0.038412179687554726,0.19344671726607116,5.184759506389603,0.0008409991800312495
48,0.1293836190157097,1.9115292361657465,0.16819731518626213,0.04074703448758328,0.1938571885515549,5.407431185539388,0.0008345653031794294
49,0.12953910504678084,1.9050559660878874,0.1649654619395733,0.03960166849182656,0.1982132094477902,5.344914268952926,0.0008280295144952539
50,0.12724225759681224,1.8559271292787405,0.16885769367218018,0.04309828141727508,0.20099482463571197,5.5620625239479295,0.0008213938048432698
51,0.1264988641255477,1.8296182117870738,0.15473748743534088,0.03580561844508452,0.19799178200363335,5.517178978684537,0.000814660195524919
52,0.1264380964285942,1.823502197866959,0.18825537711381912,0.045441000821438135,0.1927821586889554,5.192709980096037,0.0008078307376628293
53,0.12647708077370115,1.762416530166422,0.14082803204655647,0.033140164300721156,0.1997483959443124,5.5955842932180575,0.0008009075115760244
54,0.12534795282170508,1.7346367939893277,0.16076142340898514,0.038162162068294946,0.1964447243968911,5.766660696236966,0.0007938926261462367
55,0.12435196883537274,1.7009507414150622,0.17858366668224335,0.045004095215517737,0.1971048751458085,5.464240439988137,0.0007867882181755232
56,0.12326390055946221,1.6754184675144572,0.18024441599845886,0.043752703951577133,0.1986610801645237,5.671464266458617,0.0007795964517353736
57,0.1223450540812656,1.6601081407723888,0.19127332419157028,0.04703182726732393,0.20000329810646286,5.589605593193849,0.0007723195175075138
58,0.12224617540218582,1.6215684055556212,0.17084943130612373,0.042545472635993065,0.19983570811418674,5.598827318013959,0.0007649596321166026
59,0.1208477570420439,1.6047902013431152,0.1780385561287403,0.04443368013999134,0.19597237966436107,5.7672422302329345,0.0007575190374550273
60,0.11970054585644187,1.576775076885137,0.18080953508615494,0.0434117974066794,0.20299039300954674,5.921359236799439,0.0007500000000000001
61,0.11890220784189766,1.5502097220214144,0.17307493835687637,0.04268388688935829,0.19987798861137174,5.932516659512736,0.0007424048101231687
62,0.11958956922282232,1.5443454238681062,0.1784798726439476,0.04307777830142641,0.1984451009811976,5.624632737839167,0.0007347357813929455
63,0.11811816321809836,1.4847093937550822,0.17928020656108856,0.04237686567987566,0.20011611935507567,6.099579589895195,0.0007269952498697734
64,0.1169776538441506,1.477967034495646,0.16783420741558075,0.03872486903408685,0.200955857980884,5.949337329004574,0.0007191855733945388
65,0.11608256819612542,1.4433181356912659,0.17804933711886406,0.04128329398187134,0.20168493962533374,6.057732604878356,0.0007113091308703499
66,0.11631353234626998,1.4287236636939549,0.15735435485839844,0.035790388991199504,0.2074211720269705,6.649344213401981,0.0007033683215379002
67,0.11438731995179138,1.3995284740448959,0.16047198325395584,0.03908143012962597,0.20222481812462276,6.0950728975443855,0.0006953655642446371
68,0.11457899695733607,1.3775455469996218,0.16396554931998253,0.03999717608119795,0.20159572447712798,6.279895345632877,0.0006873032967079561
69,0.11222394744527335,1.3517177477051174,0.17169055342674255,0.04163537186337862,0.20313151213075759,6.151246843431707,0.0006791839747726503
70,0.11337443795661638,1.3386337678144056,0.17897634580731392,0.04271761210729892,0.20303079058208748,6.205725894380888,0.0006710100716628345
71,0.11243067380442705,1.3063339159647303,0.14604869857430458,0.03584237429870427,0.2044534521888328,6.288637899674838,0.0006627840772285784
72,0.11065856186826638,1.2797705084224862,0.1640731357038021,0.03999772047504848,0.20472383396289465,6.312680865035083,0.0006545084971874737
73,0.1109506513352183,1.2748555287411136,0.1543976292014122,0.037765065325766047,0.20397769029224141,6.486389711741229,0.0006461858523613684
74,0.10910246227757871,1.243261744200943,0.18870807439088821,0.04319902733691379,0.2031143218140591,6.53129862509495,0.0006378186779084996
75,0.10873905466006686,1.218077242432823,0.17202311754226685,0.04022909783148805,0.20367518783570754,6.495227493622325,0.0006294095225512604
76,0.10777073645311588,1.2004255149119323,0.16951795294880867,0.041203631032794875,0.20224017688946197,6.622888996203164,0.000620960947799834
77,0.10830219654961219,1.1927047295726596,0.18888603895902634,0.04647197633421456,0.19957136430641476,6.263774299289677,0.0006124755271719325
78,0.10638094138251167,1.1660748534810639,0.16501226648688316,0.04032387311653167,0.2006059040335977,6.614624614051593,0.0006039558454088798
79,0.10658345951724632,1.1487957501509978,0.151200070977211,0.03486766978082869,0.21282647339099903,6.546826286284629,0.0005954044976882725
80,0.10489183244752255,1.1233571113953666,0.17606371641159058,0.04197524682108735,0.20427078047060687,6.594552693970657,0.0005868240888334653
81,0.1032935162478412,1.0980605228406286,0.16504796966910362,0.03914831260650544,0.20569537529287527,6.7325058661167905,0.0005782172325201156
82,0.10338965388637922,1.0826223518990221,0.17830459773540497,0.0418219255537224,0.20207441947557975,6.767127131036291,0.0005695865504800329
83,0.10357200314564398,1.0805530712823233,0.18583954125642776,0.046212697067099386,0.20432841361407406,6.714622282900625,0.0005609346717025738
84,0.10161236430785145,1.037993187136948,0.1793964020907879,0.04244073042959826,0.20357180613210843,6.8645754428472365,0.0005522642316338268
85,0.10100399224692956,1.014681087375889,0.19059893861413002,0.04576379052350603,0.20611603290740435,6.7307323232280165,0.0005435778713738292
86,0.09983547292208118,0.9913813095591482,0.15975836664438248,0.037446525075036166,0.20492936563440392,6.5334382534768265,0.0005348782368720628
87,0.09973722395544962,0.993949128677648,0.1700408086180687,0.04015413474120351,0.20562329492801823,7.0849200373044425,0.0005261679781214721
88,0.09749848326766909,0.956112553947515,0.15742096304893494,0.03960522779253779,0.21285257323934337,6.947759898478844,0.0005174497483512507
89,0.0974218156180352,0.9379774866878025,0.16674842312932014,0.04084074178011292,0.20707608731366314,7.169559540991993,0.0005087262032186418
90,0.09706539744629164,0.9445841938105802,0.16679386794567108,0.043582557229683516,0.20793643091824726,6.961408518207218,0.0005000000000000001
91,0.09536716645262241,0.9077832951674298,0.16430025547742844,0.038755284856671325,0.20888115273488214,7.3346000217903935,0.0004912737967813583
92,0.09419143770647145,0.8689309802146689,0.14631067588925362,0.03318125266875995,0.2136227111191664,7.530253017477349,0.00048255025164874974
93,0.09289540516769874,0.8646815850929387,0.1814291626214981,0.04332492149494556,0.2090370032981307,7.191315008055099,0.00047383202187852827
94,0.0930486792143577,0.8525080679296967,0.17620278522372246,0.0407901358602345,0.21447143651541806,7.743719385781276,0.00046512176312793745
95,0.09151210087586585,0.8266388258161323,0.17428574338555336,0.04404273182672114,0.21081990098446746,7.254455841286864,0.00045642212862617097
96,0.09078752908985611,0.8188782704246621,0.17700539529323578,0.040995326380107146,0.21311014622280788,7.55286992582862,0.00044773576836617347
97,0.09052193772014336,0.7738125241022077,0.16600298881530762,0.04020735287488435,0.20945882084271644,7.8049757878896795,0.00043906532829742645
98,0.08900992272888882,0.7694688910451387,0.1708785556256771,0.04222546333330683,0.21528948488587993,7.614251475582405,0.0004304134495199674
99,0.08902132778876881,0.7559136142349171,0.16082066297531128,0.038495911393135886,0.21479546827028598,7.825798698948921,0.00042178276747988454
100,0.08777093756890991,0.7461524945772704,0.1356978602707386,0.0325570967607419,0.21033512526748188,7.597294222300963,0.0004131759111665349
101,0.08651353445422795,0.7169057104923432,0.16264944523572922,0.038671238852612075,0.21321545191662356,7.7245832211716134,0.00040459550231172764
102,0.0857715860982726,0.7099070417595907,0.15904713422060013,0.036600452218165457,0.21716963307871381,7.82693634968977,0.00039604415459112047
103,0.08492630161947735,0.6934633690592262,0.1866983063519001,0.045657567343232584,0.21312942663034784,7.943987141846271,0.0003875244728280676
104,0.08341510585204495,0.6691353920671729,0.18431227281689644,0.04460822642595304,0.21948727107419916,8.044469672788946,0.00037903905220016613
105,0.08369360430824811,0.6531472159428823,0.17473801597952843,0.04340521738367897,0.21688968051604984,7.9831554977906105,0.00037059047744873963
106,0.08243491836844928,0.6393526668105154,0.16578026115894318,0.03844361879268945,0.21473370591965082,7.856307872605624,0.0003621813220915005
107,0.08105918772478077,0.6272520253553145,0.16099024936556816,0.03734104489943206,0.22273343625011705,8.406260143714825,0.0003538141476386317
108,0.08064144294168575,0.6027751103402866,0.1855885609984398,0.045198978376811284,0.220262195684449,8.299024701028795,0.0003454915028125264
109,0.07908678732613747,0.5843518914280519,0.16534726321697235,0.03938040572272712,0.21651840854094206,8.019623894192572,0.0003372159227714218
110,0.07806047333644762,0.5612898123228262,0.16757434606552124,0.04155198467168475,0.2282772997519533,8.4219607820239,0.00032898992833716573
111,0.07681805040793974,0.5438820513046436,0.1737736165523529,0.04417962357174474,0.22535633143948353,8.593018299317109,0.0003208160252273499
112,0.07633067970927204,0.5484035955872387,0.15746904909610748,0.03808065405190462,0.22278661114053494,8.595324020641002,0.000312696703292044
113,0.07544351669952964,0.5324336858395067,0.1815539076924324,0.04540527536692025,0.21915977242634482,8.743551808321069,0.00030463443575536324
114,0.0746393269303282,0.512184259167602,0.17017275467514992,0.042308107761255084,0.21958129258022543,8.348812544292699,0.00029663167846210003
115,0.07287069575666194,0.48487025867985384,0.1719355210661888,0.042591348686801214,0.21668411816282332,8.858548129617567,0.00028869086912965044
116,0.07214263599074912,0.49052143359875244,0.1638265959918499,0.03835043130570739,0.22294369182417606,8.952389517391971,0.00028081442660546135
117,0.07116156095650138,0.46911637940411005,0.16663315147161484,0.04013659567359582,0.2204094142852926,9.116812508317734,0.00027300475013022674
118,0.07106509552155471,0.45153866965630124,0.16890578716993332,0.041220721124659576,0.21891077705837242,8.381851769750938,0.00026526421860705485
119,0.06968913947456637,0.4427619339430164,0.17336639016866684,0.04349697273465836,0.22319898136303676,9.556477169130265,0.0002575951898768316
120,0.0688638624372693,0.4360542825562879,0.17546571791172028,0.04360190978368337,0.2200621740013067,8.989651899335348,0.0002500000000000002
121,0.06729681907466523,0.4112970576976696,0.174757931381464,0.04392368289575188,0.229380499048098,9.611226182769695,0.00024248096254497298
122,0.06621386088388259,0.4018528421231575,0.18789949640631676,0.04454667151994727,0.2273863563816476,9.506126165063728,0.0002350403678833977
123,0.0657016715855871,0.378831514465878,0.17592500150203705,0.04366610205943857,0.2289343180038735,9.62296421336077,0.00022768048249248657
124,0.06499098252883695,0.36735232007401364,0.16279179975390434,0.041164508127985756,0.2248372348260973,9.388385809433437,0.00022040354826462677
125,0.0632200124510639,0.35748634141788727,0.16950328275561333,0.04297185849742391,0.2280806268075386,9.298504012813218,0.0002132117818244772
126,0.062199442102295915,0.3441088401696855,0.1598706655204296,0.0399991139655981,0.22871865426636412,9.752271471513497,0.0002061073738537636
127,0.06177714128173783,0.33702922657531714,0.17626532539725304,0.04182698493561077,0.22765224592073058,9.598117913780442,0.0001990924884239759
128,0.060489588367493616,0.32417109917688575,0.17719658091664314,0.04371956428667545,0.22836012203831674,10.059504530227114,0.00019216926233717096
129,0.05976645653617884,0.3160355213601593,0.18297568708658218,0.044918351767682906,0.22417690885132244,10.216547922965132,0.00018533980447508146
130,0.05885602759768634,0.29846059100768496,0.17322523519396782,0.04008431934653345,0.2270834213298294,10.223202047138928,0.00017860619515673042
131,0.05793179509679096,0.2836385646042895,0.17210983112454414,0.04304932724090804,0.22765409669421804,10.687411787025855,0.00017197048550474635
132,0.05674389474833339,0.27651429768893565,0.17058636620640755,0.04175105143426663,0.22724738953046403,10.408161757490651,0.00016543469682057097
133,0.05647148152003854,0.27497180015076284,0.15971063077449799,0.038874364288295736,0.22841120998414552,10.110196460818488,0.0001590008199687509
134,0.0553419227710542,0.257801607064347,0.16387180984020233,0.040698246847523475,0.2269456642409765,10.23618796962222,0.00015267081477050157
135,0.05373407106211544,0.2520519821319969,0.17093875631690025,0.040218392236101866,0.2340916128262711,10.501485652746357,0.00014644660940672636
136,0.0528638684010366,0.23004683887878913,0.16549377888441086,0.04040503071278181,0.2347169667379061,10.760784401215846,0.0001403300998306745
137,0.0522711408259779,0.22759643038933075,0.17149366810917854,0.04245801489411179,0.2333072015900584,10.708510547703423,0.00013432314919041485
138,0.0516362796743483,0.21866479211248036,0.1772708147764206,0.04586954341211822,0.2335668166563468,11.158658452270435,0.00012842758726130306
139,0.050851568543785926,0.21409221186823843,0.1486629843711853,0.037453177702536776,0.2331936987029959,11.055184570164366,0.00012264520988861406
140,0.04938659862073273,0.2063440778909191,0.1717733070254326,0.0420531748824942,0.23494284160396306,11.05433985427089,0.00011697777844051111
141,0.048791382911942724,0.20304674137706658,0.18155213817954063,0.043903397712099945,0.2336721630240823,11.20316635464829,0.00011142701927151471
142,0.04781499416446839,0.18887561404371575,0.16791769489645958,0.042696101178808024,0.2334307854413865,11.142008008227387,0.0001059946231966391
143,0.04706860957775761,0.17880235331151034,0.1699380986392498,0.04247445176610398,0.23170537902706728,11.397514298015864,0.00010068224497635357
144,0.047093421452744456,0.1809973448406935,0.16281192004680634,0.036294525099765454,0.2345946838748652,11.366299089988688,9.549150281252637e-05
145,0.04583280938910696,0.17224340323591605,0.16485945880413055,0.03961258096087476,0.23451095134648656,11.390289300397955,9.042397785550425e-05
146,0.04489988137250616,0.16588033483786538,0.1660793498158455,0.04221407731947693,0.23172568306994026,11.370562216170292,8.548121372247923e-05
147,0.04404056053134357,0.15716164966570514,0.16495046392083168,0.041367852050825604,0.2386843509503598,11.652365625520472,8.066471602728796e-05
148,0.04321086456423678,0.13693787763508847,0.15954027324914932,0.037818845608853735,0.2374840184242363,11.798052625406507,7.597595192178706e-05
149,0.042253672766690745,0.14244148380245503,0.16665373742580414,0.03979284841961998,0.2340957241655779,11.713652547298695,7.141634964894392e-05
150,0.041833083633327814,0.13278915770463795,0.15525976940989494,0.037372660591063325,0.23689363832561744,11.946547997393564,6.698729810778068e-05
151,0.0414689081376165,0.12467580892743108,0.16062188148498535,0.038454070810547594,0.24080724192266256,12.24372412719042,6.269014643030215e-05
152,0.040336440715674056,0.11479980867324517,0.16323371976613998,0.03925333728175247,0.23444330457353796,12.2554917342429,5.8526203570536637e-05
153,0.04020533953869017,0.11953229760869045,0.16432399302721024,0.037845107894372634,0.2372323752659386,11.999178848724451,5.449673790581612e-05
154,0.03872785674959361,0.10307479785903613,0.16433843225240707,0.03830388486494485,0.23896107381115733,12.669932137662247,5.0602976850416496e-05
155,0.03872224330789064,0.10683235093870862,0.15395218133926392,0.03678872647732305,0.23447718219118507,12.154162005228024,4.6846106481675045e-05
156,0.03814740121977464,0.106798264146283,0.16588926687836647,0.0404333814549858,0.2366870714858252,12.402118630105335,4.322727117869963e-05
157,0.03754869064734122,0.10368262003410998,0.16923225298523903,0.04087249357626206,0.23891167696162932,12.232637845376278,3.974757327377993e-05
158,0.03674717182675264,0.09937627362873735,0.16192885115742683,0.038425789887878634,0.23881038502589347,12.37639659890799,3.640807271660635e-05
159,0.03650312996470189,0.09178560437628579,0.16140823438763618,0.03846621341591287,0.23863734678021448,12.541652137293154,3.3209786751399136e-05
160,0.03584579010070827,0.08575377175824402,0.16661155223846436,0.04028947402512131,0.2340884483592226,12.51127713157111,3.015368960704585e-05
161,0.03554944504708082,0.08996906792669512,0.15414590388536453,0.035843847800879305,0.237518610222062,12.5403479570138,2.724071220034164e-05
162,0.03472096487229329,0.0780696505441766,0.16730674728751183,0.04105048752035145,0.23748182581971009,12.553050289426043,2.447174185242324e-05
163,0.03483677073108828,0.0792059757358342,0.15891046077013016,0.03917630022424419,0.23903290668595367,12.869826939015454,2.1847622018482287e-05
164,0.034220161835651755,0.08119632345321964,0.17224355041980743,0.04109651845971598,0.23569972452755128,12.506704135361225,1.936915203084067e-05
165,0.034083670177115805,0.07584299749625291,0.16375528275966644,0.03896491369648629,0.2374383447842517,12.608628541135403,1.7037086855465904e-05
166,0.03337606326032067,0.07891531953131103,0.15542210638523102,0.03728450491139483,0.24419762926303681,13.082109034055287,1.4852136862001767e-05
167,0.03345026347963252,0.07816769063151291,0.16368579864501953,0.03942812849090842,0.23826347470994966,12.584607866108913,1.2814967607382381e-05
168,0.03278966333523473,0.062157016822035546,0.16423706337809563,0.039528301706081945,0.23640555853381745,12.788422010963808,1.092619963309716e-05
169,0.03346866604923261,0.07172670425019873,0.17667792737483978,0.04273467564338489,0.2407904143851432,12.66520881125499,9.186408276168016e-06
170,0.032634033907317526,0.0692736033994081,0.16647117212414742,0.040777053815145334,0.23711575158418474,12.780931026147899,7.596123493895993e-06
171,0.032335394469283206,0.07044580403483293,0.16103682667016983,0.039660176366078305,0.23741516688829958,12.963706610199043,6.155829702431173e-06
172,0.032207026871161594,0.07007250551104681,0.15858853235840797,0.03987168158255372,0.24032364773638049,12.988270826301262,4.865965629214876e-06
173,0.03194571776341505,0.0719455640165064,0.1659129410982132,0.03992259556002864,0.23878297260262854,12.749558575100778,3.72692417933901e-06
174,0.03173397851669635,0.06515561808586297,0.16532036289572716,0.04009722280933374,0.23935225780371558,12.683683179762959,2.739052315863356e-06
175,0.03193343002047773,0.06666537780227935,0.16686474531888962,0.04133262417693686,0.23712840982728473,12.68454513450171,1.9026509541272281e-06
176,0.031590394496354424,0.06622275504334305,0.16453727334737778,0.04075913175420283,0.23582878127782456,12.77656262705271,1.2179748700879016e-06
177,0.03201289580944895,0.07035785925741338,0.16695768013596535,0.04198898344011468,0.23853345391915337,12.871592313632625,6.852326227130837e-07
178,0.031499124927634015,0.0637281934450373,0.16385765373706818,0.04090495771966971,0.2401523383198146,12.953542677929455,3.045864904521191e-07
179,0.031207994548762556,0.06463644133412444,0.17254818230867386,0.041623279120835834,0.24048741567210594,13.18139430791054,7.615242180436525e-08
180,0.031931092390873196,0.0659900721848394,0.16659392416477203,0.039766492856688276,0.24136273507117953,13.1543650757019,0.0
