                  epoch,         train/box_loss,         train/cls_loss,         train/dfl_loss,   metrics/precision(B),      metrics/recall(B),       metrics/mAP50(B),    metrics/mAP50-95(B),           val/box_loss,           val/cls_loss,           val/dfl_loss,                 lr/pg0,                 lr/pg1,                 lr/pg2
                      1,                 2.1387,                 4.9954,                 1.9198,                      0,                      0,                      0,                      0,                 2.4054,                 6.0541,                  2.259,               0.090103,             9.9974e-05,             9.9974e-05
                      2,                 1.9401,                 5.0636,                 1.7936,                      0,                      0,                      0,                      0,                 2.1504,                  5.809,                 2.0473,               0.080198,             0.00019555,             0.00019555
                      3,                 1.7905,                   4.67,                 1.6652,                      0,                      0,                      0,                      0,                 2.0639,                 5.0743,                 1.9231,               0.070289,              0.0002867,              0.0002867
                      4,                 1.7723,                 4.1274,                 1.6013,                 0.0109,                0.22481,                 0.0397,                0.01488,                 1.9599,                 4.3048,                 1.7833,               0.060376,             0.00037342,             0.00037342
                      5,                 1.7088,                 3.5468,                 1.5181,                0.01378,                0.24973,                 0.0472,                0.01815,                 1.8862,                 3.7751,                 1.7179,               0.050458,             0.00045571,             0.00045571
                      6,                  1.677,                 3.1331,                 1.5065,                0.02899,                0.47846,                0.11535,                0.04306,                  1.827,                 3.2117,                 1.7046,               0.040536,             0.00053358,             0.00053358
                      7,                 1.6146,                 2.8807,                 1.4742,                0.03512,                0.54164,                0.14811,                 0.0638,                 1.7757,                  2.966,                 1.6657,                0.03061,             0.00060702,             0.00060702
                      8,                 1.5835,                  2.759,                 1.4518,                 0.0399,                0.57502,                0.19917,                0.08653,                 1.7209,                 2.8329,                 1.6163,               0.020679,             0.00067603,             0.00067603
                      9,                 1.5305,                 2.6561,                 1.4157,                0.15274,                0.44465,                0.22991,                0.10434,                 1.6113,                 2.6643,                 1.5393,               0.010743,             0.00074062,             0.00074062
                     10,                 1.4825,                 2.5683,                 1.3844,                0.46605,                0.22962,                0.26012,                0.11629,                 1.6011,                 2.6332,                 1.5073,             0.00080336,             0.00080078,             0.00080078
                     11,                 1.4466,                 2.4936,                 1.3271,                0.54159,                0.18928,                0.28247,                0.13143,                  1.557,                  2.389,                 1.4605,             0.00077867,             0.00077867,             0.00077867
                     12,                 1.3914,                  2.354,                 1.2869,                0.58191,                0.16295,                0.29681,                0.14384,                 1.5165,                 2.3963,                 1.4203,             0.00077867,             0.00077867,             0.00077867
                     13,                  1.379,                 2.2901,                 1.2686,                0.65524,                  0.174,                0.33546,                0.16324,                  1.496,                 2.3244,                 1.4021,             0.00075653,             0.00075653,             0.00075653
                     14,                 1.3299,                 2.1877,                 1.2303,                0.56082,                0.20998,                0.32963,                0.16542,                 1.4484,                 2.1674,                 1.3559,              0.0007344,              0.0007344,              0.0007344
                     15,                  1.299,                 2.0941,                 1.2115,                0.59757,                0.23723,                0.37159,                0.18758,                 1.4267,                 2.0686,                 1.3446,             0.00071227,             0.00071227,             0.00071227
                     16,                 1.2638,                 2.0319,                 1.1762,                0.48481,                0.24766,                0.32535,                0.16446,                 1.4198,                 2.0724,                 1.3302,             0.00069013,             0.00069013,             0.00069013
                     17,                 1.2761,                 1.9958,                 1.1853,                0.52372,                0.26924,                0.34153,                0.17433,                 1.4006,                 2.0329,                 1.3111,               0.000668,               0.000668,               0.000668
                     18,                 1.2698,                 1.9912,                 1.1794,                0.52136,                0.28923,                0.35148,                0.17929,                 1.3782,                 1.9833,                 1.2954,             0.00064587,             0.00064587,             0.00064587
                     19,                 1.1997,                 1.8894,                 1.1265,                0.51653,                0.30059,                0.36854,                0.19138,                 1.3621,                 1.9015,                 1.2893,             0.00062373,             0.00062373,             0.00062373
                     20,                 1.2024,                 1.8526,                 1.1317,                0.52385,                0.31635,                0.37727,                 0.1975,                 1.3616,                 1.8969,                 1.2875,              0.0006016,              0.0006016,              0.0006016
                     21,                 1.2315,                 1.8755,                 1.1448,                0.55185,                0.34026,                0.40539,                0.21356,                 1.3424,                 1.8255,                 1.2623,             0.00057947,             0.00057947,             0.00057947
                     22,                 1.1981,                 1.8233,                 1.1287,                0.50832,                0.33498,                0.38349,                 0.2027,                 1.3408,                 1.7993,                 1.2684,             0.00055733,             0.00055733,             0.00055733
                     23,                 1.1931,                 1.7936,                 1.1141,                0.52124,                0.35434,                0.39699,                0.21359,                 1.3375,                 1.7661,                 1.2606,              0.0005352,              0.0005352,              0.0005352
                     24,                 1.1769,                 1.7482,                 1.1157,                0.51258,                0.35287,                0.40088,                0.21442,                 1.3382,                 1.8015,                 1.2574,             0.00051307,             0.00051307,             0.00051307
                     25,                 1.1667,                 1.7346,                 1.0887,                0.51748,                0.36485,                0.39932,                0.21589,                 1.3296,                 1.7912,                 1.2531,             0.00049093,             0.00049093,             0.00049093
                     26,                 1.1617,                 1.7106,                 1.1021,                0.53617,                0.36802,                0.41603,                0.22444,                 1.3156,                 1.7667,                 1.2447,              0.0004688,              0.0004688,              0.0004688
                     27,                 1.1402,                 1.6798,                 1.0853,                0.53253,                0.38061,                0.42009,                0.22872,                 1.2954,                 1.7322,                 1.2371,             0.00044667,             0.00044667,             0.00044667
                     28,                 1.1289,                 1.6563,                 1.0708,                0.52502,                0.37302,                0.41522,                0.22526,                  1.311,                 1.7629,                 1.2437,             0.00042453,             0.00042453,             0.00042453
                     29,                 1.1214,                 1.6339,                 1.0643,                0.51308,                 0.3715,                0.41851,                0.22732,                 1.2978,                 1.7426,                 1.2319,              0.0004024,              0.0004024,              0.0004024
                     30,                 1.1278,                 1.6142,                 1.0738,                0.53225,                0.37104,                0.42014,                0.22778,                 1.3029,                 1.7441,                 1.2344,             0.00038027,             0.00038027,             0.00038027
                     31,                  1.133,                  1.617,                 1.0773,                0.53461,                0.37569,                0.42479,                0.23255,                 1.3015,                 1.7277,                 1.2311,             0.00035813,             0.00035813,             0.00035813
                     32,                  1.087,                 1.5638,                 1.0464,                0.53309,                0.38201,                0.43666,                0.23664,                 1.2961,                 1.7094,                 1.2279,               0.000336,               0.000336,               0.000336
                     33,                 1.1181,                 1.5702,                 1.0626,                0.53257,                0.38888,                0.43898,                0.23889,                 1.2983,                 1.6898,                 1.2238,             0.00031387,             0.00031387,             0.00031387
                     34,                 1.1003,                 1.5459,                 1.0548,                0.51671,                0.39295,                0.43916,                0.23666,                 1.3039,                 1.6782,                 1.2335,             0.00029173,             0.00029173,             0.00029173
                     35,                 1.0893,                  1.531,                 1.0481,                0.52458,                0.38966,                0.43712,                0.23865,                 1.2933,                 1.6748,                 1.2259,              0.0002696,              0.0002696,              0.0002696
                     36,                 1.0948,                 1.5033,                 1.0501,                 0.5309,                0.39597,                0.44608,                0.24184,                 1.2913,                 1.6556,                 1.2241,             0.00024747,             0.00024747,             0.00024747
                     37,                 1.0575,                  1.474,                 1.0202,                0.52927,                0.40381,                0.44487,                0.24328,                   1.29,                 1.6592,                 1.2233,             0.00022533,             0.00022533,             0.00022533
                     38,                 1.0505,                 1.4439,                 1.0142,                0.52633,                0.39792,                0.44318,                0.23935,                 1.3034,                 1.6691,                 1.2326,              0.0002032,              0.0002032,              0.0002032
                     39,                 1.0708,                 1.4531,                 1.0377,                0.53155,                0.40604,                0.44568,                  0.243,                 1.2934,                 1.6492,                 1.2269,             0.00018107,             0.00018107,             0.00018107
                     40,                 1.0886,                 1.4361,                 1.0482,                0.52637,                0.41517,                0.44719,                0.24191,                 1.2967,                  1.633,                 1.2274,             0.00015893,             0.00015893,             0.00015893
                     41,                  1.055,                 1.4035,                 1.0171,                 0.5319,                0.41157,                0.44949,                0.24353,                 1.3017,                 1.6364,                 1.2296,              0.0001368,              0.0001368,              0.0001368
                     42,                 1.0923,                 1.4145,                 1.0503,                0.51398,                0.40585,                0.44501,                0.24468,                 1.2945,                 1.6338,                  1.229,             0.00011467,             0.00011467,             0.00011467
                     43,                 1.0483,                 1.3792,                 1.0192,                0.51432,                0.40526,                0.44666,                0.24454,                 1.3116,                 1.6294,                 1.2321,             9.2533e-05,             9.2533e-05,             9.2533e-05
                     44,                 1.0461,                 1.3517,                 1.0183,                0.52731,                0.40105,                 0.4502,                0.24648,                 1.2955,                 1.6284,                 1.2248,               7.04e-05,               7.04e-05,               7.04e-05
                     45,                 1.0366,                  1.368,                 1.0094,                0.52848,                0.40261,                0.45162,                0.24625,                 1.2962,                 1.6187,                  1.228,             4.8267e-05,             4.8267e-05,             4.8267e-05
